"","RawPassProfit","CappedProfit"
"1",263.271801789711,197.062997999717
"2",259.114387824154,190.417748051775
"3",249.952351529041,182.10383207124
"4",251.07665580645,183.201718075522
"5",247.45982791643,181.562787412442
"6",262.056534629578,192.413770279835
"7",272.767435028701,198.339087866591
"8",261.548700273859,190.598690656039
"9",274.994148055309,203.811261402501
"10",291.158242157947,205.380775998197
"11",277.416696686915,196.53031831023
"12",262.9000085786,193.445599736971
