"","RawPassProfit","CappedProfit"
"1",12.0759977535618,12.0759977535618
"2",20.6906926162724,20.6906926162724
"3",22.3368433521007,22.3368433521007
"4",0,0
"5",40.1715727067148,40.1715727067148
"6",13.3264146733637,13.3264146733637
"7",0,0
"8",9.72108458025497,9.72108458025497
"9",7.47721668316033,7.47721668316033
