"","ID","Profit","nDays","MaxDDMoney","nLostEntries","nEntries","nWinTrades","PercDD","X","Y","Pair","DDAccount","DD3Perc","MoneyEntryAdjusted","ProfitAt3Perc","ProfitStan3PercDay","PercentDaysActive","FailByAmount","FailByTimeActive","MeetTarget","YName","XName"
"1","A00036",15187.07,361.39,2874.78,3,139,110,-9.6,"9","20","EURGBP",9.5826,104.355811575147,31306.743472544,15848.5901529856,43.8545343063882,0.384626027283544,"No","No","Yes","BLAISlow.length","BLAI.length"
"2","A00034",7092.93,345.51,2829.43,2,82,70,-9.4,"6","80","EURGBP",9.43143333333333,106.028422685841,31808.5268057524,7520.52180121084,21.7664374438101,0.237330323290209,"No","No","No","BLAISlow.length","BLAI.length"
"3","A00029",5638.21,345.51,2038.11,2,65,55,-6.8,"3","80","EURGBP",6.7937,147.195195548817,44158.5586646452,8299.17423495297,24.0200695636971,0.188127695291019,"No","Yes","No","BLAISlow.length","BLAI.length"
"4","A00109",13466.27,353.12,2341.81,3,105,88,-7.8,"6","80","GBPJPY",7.80603333333333,128.106037637554,38431.8112912662,17251.1049145746,48.8533782130002,0.297349342999547,"No","No","Yes","BLAISlow.length","BLAI.length"
"5","A00110",12921.46,353.12,2341.81,2,105,86,-7.8,"6","100","GBPJPY",7.80603333333333,128.106037637554,38431.8112912662,16553.1704109215,46.8768985356861,0.297349342999547,"No","No","Yes","BLAISlow.length","BLAI.length"
"6","A00105",9675.04,350.8,2425.87,2,81,65,-8.1,"3","100","GBPJPY",8.08623333333333,123.666973085944,37100.0919257833,11964.8291128544,34.1072665702804,0.230900798175599,"No","No","Yes","BLAISlow.length","BLAI.length"
